0.19318,0.13721,-0.073844,0.19342,0.15263,-0.073442,0.19661,0.16027,-0.095555,0.19661,0.15497,-0.13328,0.19661,0.15121,-0.16008,0.19832,0.15834,-0.049768,0.19832,0.15318,-0.013061,0.19832,0.14943,0.013662,0.19555,0.1764,-0.073369,0.18607,0.10922,-0.084582,0.18607,0.057984,-0.083687,0.17011,-0.0027352,-0.082627,0.18607,0.10922,-0.062523,0.18607,0.058628,-0.063406,0.17079,-0.0017327,-0.064459
0.18923,0.13714,-0.07284,0.18528,0.15204,-0.072443,0.19015,0.15868,-0.094576,0.20978,0.12604,-0.095742,0.18335,0.12032,-0.09497,0.1858,0.16008,-0.048944,0.19878,0.12575,-0.043737,0.17282,0.11938,-0.047394,0.18648,0.1759,-0.07107,0.18804,0.10898,-0.085068,0.16399,0.063881,-0.088807,0.16479,0.0038729,-0.094036,0.18544,0.10895,-0.063163,0.1917,0.058761,-0.064719,0.25152,0.029628,-0.063352
0.18625,0.13709,-0.072802,0.18228,0.152,-0.072604,0.18694,0.1586,-0.094794,0.20565,0.12546,-0.09668,0.17915,0.12013,-0.09539,0.18304,0.16008,-0.049124,0.19634,0.1258,-0.044399,0.17048,0.11871,-0.047456,0.18342,0.17585,-0.071218,0.18376,0.10918,-0.084661,0.16158,0.063087,-0.087794,0.16505,0.0038046,-0.093509,0.18331,0.10873,-0.062611,0.18699,0.058277,-0.063677,0.24567,0.029655,-0.063448
0.1837,0.13645,-0.072835,0.17967,0.15134,-0.07249,0.184,0.15791,-0.094755,0.20175,0.1243,-0.09737,0.17521,0.11937,-0.095475,0.18076,0.15945,-0.049035,0.19444,0.12526,-0.0448,0.16873,0.11747,-0.047287,0.18081,0.17519,-0.071139,0.1829,0.10875,-0.085745,0.16094,0.062555,-0.088898,0.16475,0.0032682,-0.094061,0.18017,0.10779,-0.063877,0.18227,0.057232,-0.063929,0.24124,0.030137,-0.06446
0.18064,0.13671,-0.072639,0.17659,0.1516,-0.072459,0.18065,0.15808,-0.094801,0.19733,0.12399,-0.098171,0.17076,0.11955,-0.09567,0.17797,0.1598,-0.049052,0.19211,0.12574,-0.045296,0.16654,0.11732,-0.047259,0.17772,0.17546,-0.071197,0.17815,0.10911,-0.084877,0.15866,0.061795,-0.087648,0.16508,0.0034431,-0.093649,0.17811,0.10805,-0.062844,0.17764,0.057446,-0.062598,0.23737,0.03066,-0.064266
0.17793,0.1366,-0.072506,0.17385,0.15148,-0.072301,0.17759,0.1579,-0.094716,0.19326,0.12342,-0.09881,0.16666,0.11953,-0.095701,0.1755,0.15978,-0.048942,0.19007,0.12585,-0.045629,0.16466,0.11691,-0.04717,0.17497,0.17535,-0.071114,0.1753,0.10905,-0.084804,0.15726,0.061163,-0.087479,0.16507,0.0033938,-0.093764,0.17556,0.10787,-0.062778,0.17289,0.057344,-0.061978,0.23362,0.031117,-0.064582
0.17526,0.1366,-0.072331,0.17115,0.15147,-0.072071,0.17449,0.15786,-0.094557,0.18937,0.1231,-0.09928,0.16279,0.11977,-0.095504,0.17309,0.15984,-0.048761,0.18805,0.12604,-0.045914,0.16275,0.11673,-0.047093,0.17227,0.17534,-0.07101,0.1726,0.10901,-0.084626,0.15599,0.060604,-0.087325,0.16488,0.0033035,-0.093839,0.173,0.10786,-0.062601,0.16815,0.057508,-0.061373,0.22953,0.031429,-0.065103
0.17277,0.13664,-0.072185,0.16867,0.15151,-0.071876,0.17158,0.15799,-0.094398,0.18564,0.12297,-0.099645,0.1591,0.12019,-0.095186,0.1709,0.15985,-0.04858,0.18621,0.12618,-0.046109,0.16099,0.11662,-0.047018,0.16962,0.17538,-0.070891,0.17006,0.10901,-0.084475,0.15482,0.060156,-0.087219,0.16477,0.0032587,-0.093906,0.17049,0.10787,-0.06245,0.16354,0.057776,-0.060731,0.22494,0.031377,-0.065739
0.17048,0.13678,-0.072174,0.16648,0.15168,-0.071858,0.16873,0.15853,-0.094344,0.18167,0.12315,-0.10003,0.15519,0.12106,-0.094862,0.16905,0.15974,-0.0485,0.18474,0.12622,-0.0463,0.15957,0.11652,-0.046996,0.16714,0.17556,-0.070864,0.16751,0.10913,-0.084349,0.15381,0.059826,-0.087146,0.16482,0.0032554,-0.093952,0.16801,0.1079,-0.06233,0.15908,0.058141,-0.060093,0.21943,0.030711,-0.066318
0.16719,0.1369,-0.071396,0.163,0.15174,-0.070953,0.16501,0.15762,-0.093735,0.17728,0.12212,-0.10009,0.1509,0.1208,-0.094254,0.1664,0.16059,-0.047992,0.18272,0.12735,-0.046335,0.1576,0.11752,-0.046829,0.16399,0.17562,-0.070224,0.16476,0.10942,-0.084108,0.15279,0.059673,-0.087032,0.1649,0.0033033,-0.094003,0.16543,0.10805,-0.062101,0.15464,0.058683,-0.059488,0.21279,0.029619,-0.066748
0.16445,0.13726,-0.071272,0.16026,0.1521,-0.070859,0.16162,0.15834,-0.093591,0.17337,0.12271,-0.10019,0.14712,0.1221,-0.093676,0.16433,0.16057,-0.047865,0.18108,0.12754,-0.046403,0.15598,0.11763,-0.046759,0.16122,0.17599,-0.070145,0.16197,0.10985,-0.083847,0.15184,0.059709,-0.086945,0.16492,0.0034598,-0.094005,0.1628,0.1083,-0.061858,0.15007,0.059415,-0.058933,0.20641,0.028593,-0.067364
0.16173,0.13768,-0.070972,0.15752,0.15252,-0.070559,0.15833,0.15885,-0.093294,0.16964,0.12313,-0.10021,0.14357,0.12324,-0.092965,0.16221,0.16088,-0.047643,0.17935,0.12804,-0.046471,0.1543,0.11801,-0.046695,0.15844,0.17641,-0.0699,0.15928,0.11041,-0.083657,0.15106,0.059935,-0.08693,0.16502,0.00377,-0.093951,0.16014,0.1086,-0.061689,0.1455,0.060271,-0.058494,0.20025,0.027497,-0.068141
0.15901,0.13813,-0.070608,0.15482,0.15297,-0.070204,0.15503,0.15928,-0.092958,0.16586,0.12348,-0.1002,0.14002,0.12427,-0.092213,0.16013,0.16135,-0.047428,0.17762,0.12868,-0.046602,0.15262,0.11854,-0.046641,0.15576,0.17687,-0.069602,0.15654,0.11103,-0.083468,0.15029,0.060279,-0.086837,0.16516,0.0041084,-0.093851,0.15752,0.1089,-0.061534,0.14123,0.061113,-0.058072,0.19415,0.026387,-0.068908
0.15624,0.13863,-0.070224,0.15207,0.15348,-0.069816,0.15174,0.15983,-0.092556,0.16211,0.12396,-0.10008,0.13654,0.12535,-0.09134,0.15799,0.16179,-0.047166,0.17589,0.12933,-0.046672,0.15094,0.11907,-0.046505,0.1531,0.17738,-0.06929,0.15372,0.11165,-0.08318,0.14936,0.060713,-0.086674,0.16515,0.0044225,-0.093771,0.15492,0.10925,-0.061285,0.1372,0.061989,-0.057678,0.18707,0.025331,-0.069548
0.15342,0.13919,-0.069775,0.14931,0.15406,-0.069367,0.14841,0.16042,-0.092091,0.15829,0.12447,-0.099943,0.13305,0.12631,-0.090363,0.15585,0.16235,-0.046879,0.17415,0.13011,-0.046769,0.14925,0.11972,-0.046377,0.15041,0.17796,-0.068888,0.15079,0.11234,-0.082825,0.14824,0.061291,-0.086512,0.16499,0.00481,-0.093729,0.15219,0.10969,-0.060971,0.13324,0.062907,-0.057368,0.18072,0.02432,-0.070247
0.15061,0.13981,-0.069298,0.14656,0.15469,-0.068865,0.14509,0.16104,-0.091562,0.15457,0.12505,-0.099732,0.1297,0.12724,-0.089295,0.15368,0.16298,-0.046556,0.17235,0.13096,-0.046889,0.14753,0.1204,-0.04623,0.14773,0.17859,-0.068427,0.14785,0.11302,-0.082403,0.14696,0.061937,-0.08642,0.16471,0.005247,-0.093693,0.1494,0.11023,-0.060576,0.12933,0.063901,-0.057167,0.17489,0.02317,-0.071029
0.14782,0.14048,-0.068833,0.14381,0.15537,-0.068341,0.14178,0.16175,-0.090985,0.15106,0.12575,-0.099313,0.12643,0.12851,-0.088456,0.15148,0.16363,-0.046202,0.17048,0.13181,-0.047002,0.14574,0.12109,-0.046006,0.14505,0.17927,-0.067955,0.14504,0.11375,-0.082041,0.1457,0.062695,-0.08644,0.16443,0.0056997,-0.0937,0.14665,0.11083,-0.060235,0.12552,0.064955,-0.057112,0.16883,0.021939,-0.071798
0.14507,0.14107,-0.068347,0.14113,0.15597,-0.067809,0.13863,0.16236,-0.090405,0.14777,0.12638,-0.098959,0.1234,0.12933,-0.087577,0.14929,0.16422,-0.04584,0.1686,0.1326,-0.04715,0.14395,0.1217,-0.045778,0.14239,0.17987,-0.067443,0.14216,0.11441,-0.081667,0.14432,0.063438,-0.086457,0.16417,0.0060949,-0.093774,0.14392,0.11132,-0.059897,0.12182,0.065889,-0.057053,0.16243,0.020691,-0.07247
0.14222,0.14165,-0.067811,0.13838,0.15659,-0.067231,0.13548,0.16292,-0.089793,0.14424,0.12694,-0.098734,0.12024,0.13011,-0.086659,0.147,0.16485,-0.045444,0.16665,0.13347,-0.04728,0.14211,0.12239,-0.045537,0.13967,0.18048,-0.066914,0.13911,0.11507,-0.081228,0.14281,0.064223,-0.086395,0.16383,0.0064374,-0.093934,0.14115,0.11182,-0.059505,0.1182,0.066792,-0.056996,0.15578,0.019489,-0.073127
0.13933,0.14221,-0.067304,0.13557,0.15716,-0.066668,0.13221,0.16354,-0.089155,0.1406,0.12755,-0.098408,0.117,0.1309,-0.08561,0.14469,0.16536,-0.045063,0.1647,0.13424,-0.047378,0.14027,0.12298,-0.04525,0.13693,0.18106,-0.066398,0.13598,0.1157,-0.080732,0.14125,0.065026,-0.086309,0.16353,0.0067666,-0.094196,0.13838,0.11232,-0.059065,0.11467,0.067668,-0.056902,0.14901,0.018344,-0.073754
0.13642,0.14279,-0.06681,0.13274,0.15776,-0.066124,0.12892,0.16424,-0.088508,0.13706,0.12825,-0.098017,0.11383,0.13177,-0.0846,0.14237,0.16583,-0.044695,0.16277,0.13501,-0.047497,0.13845,0.12359,-0.044955,0.13416,0.18165,-0.065864,0.13276,0.11633,-0.08019,0.13962,0.065897,-0.086195,0.16317,0.0071638,-0.094612,0.1356,0.11283,-0.058595,0.11129,0.068486,-0.056799,0.14226,0.017281,-0.074191
0.13349,0.14336,-0.066325,0.1299,0.15835,-0.06556,0.1257,0.16494,-0.087843,0.13365,0.12898,-0.09759,0.11075,0.13258,-0.083641,0.13999,0.16628,-0.044289,0.16072,0.13572,-0.047546,0.13651,0.12418,-0.044584,0.1313,0.18224,-0.06529,0.12954,0.11691,-0.07964,0.13788,0.066761,-0.086084,0.16258,0.0075072,-0.095281,0.13277,0.11339,-0.058105,0.108,0.069287,-0.056643,0.13529,0.016393,-0.074435
0.13055,0.14388,-0.065838,0.12707,0.15889,-0.064991,0.12255,0.16556,-0.087188,0.13036,0.12964,-0.097197,0.10778,0.13322,-0.08272,0.13754,0.16671,-0.04386,0.15852,0.13637,-0.047506,0.1344,0.12475,-0.044134,0.12847,0.18278,-0.064682,0.12632,0.11743,-0.0791,0.1361,0.067599,-0.085989,0.16187,0.0078911,-0.096037,0.12991,0.11389,-0.057626,0.10478,0.069988,-0.05651,0.1281,0.015654,-0.074598
0.1275,0.14443,-0.065302,0.12421,0.15948,-0.064353,0.11938,0.16625,-0.086451,0.12708,0.13039,-0.096735,0.10483,0.13396,-0.081761,0.13501,0.16718,-0.04335,0.15625,0.13707,-0.047412,0.13222,0.12541,-0.043591,0.12565,0.18337,-0.063997,0.12289,0.11786,-0.078395,0.13425,0.068448,-0.085859,0.16121,0.0085751,-0.096795,0.12681,0.11449,-0.056951,0.10163,0.070597,-0.056312,0.1211,0.015077,-0.074725
0.12441,0.14494,-0.064748,0.12128,0.16002,-0.063712,0.11611,0.16696,-0.085683,0.12377,0.13116,-0.096237,0.10182,0.1347,-0.080824,0.13248,0.16752,-0.042849,0.15407,0.13771,-0.047249,0.13011,0.12605,-0.04299,0.12282,0.1839,-0.063371,0.11949,0.11827,-0.077663,0.13239,0.069331,-0.085699,0.16026,0.0095382,-0.09722,0.12376,0.11502,-0.056266,0.098619,0.071107,-0.056084,0.11419,0.014595,-0.074692
0.1214,0.14539,-0.064237,0.11829,0.16046,-0.063182,0.11283,0.16751,-0.08505,0.12052,0.13181,-0.09591,0.098848,0.13528,-0.080089,0.12983,0.16784,-0.042458,0.15172,0.13831,-0.047167,0.12784,0.12667,-0.042475,0.11998,0.18433,-0.062813,0.11637,0.11884,-0.077209,0.13056,0.070307,-0.085513,0.1592,0.010648,-0.097657,0.12098,0.11535,-0.055923,0.095699,0.071514,-0.055969,0.10707,0.014034,-0.074398
0.11845,0.14578,-0.063703,0.1154,0.16086,-0.062629,0.10961,0.16795,-0.084399,0.11749,0.1324,-0.095602,0.096136,0.13572,-0.079324,0.12726,0.1682,-0.042069,0.1494,0.13889,-0.04706,0.12558,0.1273,-0.041939,0.11713,0.18473,-0.062159,0.11331,0.11939,-0.076827,0.12863,0.071225,-0.085326,0.15821,0.0119,-0.098022,0.11813,0.1156,-0.055637,0.092797,0.071796,-0.05595,0.10019,0.013381,-0.074018
0.1155,0.14614,-0.063122,0.11256,0.16124,-0.061966,0.10639,0.16833,-0.083628,0.11458,0.13298,-0.095229,0.093581,0.13617,-0.078469,0.1248,0.16856,-0.041626,0.14718,0.13948,-0.046893,0.12342,0.12795,-0.041328,0.11429,0.1851,-0.061416,0.11017,0.11979,-0.076353,0.1265,0.072001,-0.085062,0.15723,0.01333,-0.098403,0.11515,0.1159,-0.055217,0.089917,0.072042,-0.055978,0.093566,0.012886,-0.07353
0.11289,0.14644,-0.062558,0.1101,0.16157,-0.061332,0.10335,0.16847,-0.08288,0.11159,0.13327,-0.094886,0.090905,0.13634,-0.077715,0.12256,0.16921,-0.041246,0.145,0.14022,-0.046762,0.12129,0.12881,-0.040793,0.11174,0.18544,-0.060668,0.10704,0.12017,-0.075914,0.12418,0.072679,-0.084715,0.15607,0.014903,-0.098925,0.1122,0.11612,-0.054854,0.087123,0.072182,-0.056063,0.087095,0.012538,-0.072882
0.10932,0.14656,-0.062038,0.10636,0.16165,-0.06073,0.099734,0.16908,-0.082144,0.10821,0.13403,-0.094444,0.087787,0.13694,-0.076932,0.11927,0.16853,-0.040658,0.14204,0.13983,-0.046294,0.11835,0.12857,-0.039943,0.10842,0.18548,-0.060037,0.104,0.12053,-0.075582,0.12169,0.073241,-0.084342,0.15477,0.016511,-0.099345,0.10928,0.11616,-0.054616,0.084322,0.072172,-0.056261,0.080771,0.012192,-0.072117
0.10647,0.14668,-0.0615,0.10351,0.16176,-0.06013,0.096548,0.16926,-0.08141,0.10496,0.13431,-0.094023,0.084773,0.1371,-0.07622,0.11668,0.1686,-0.040212,0.13941,0.13989,-0.04603,0.11576,0.12878,-0.039272,0.10556,0.18559,-0.059344,0.10101,0.12085,-0.075262,0.11905,0.073674,-0.083935,0.15351,0.018095,-0.09962,0.1064,0.11614,-0.054397,0.08155,0.072116,-0.056518,0.074718,0.011975,-0.07122
0.10357,0.14673,-0.060916,0.10061,0.1618,-0.059459,0.093453,0.16934,-0.080661,0.10172,0.13448,-0.093625,0.081787,0.13709,-0.075512,0.1139,0.16863,-0.039617,0.13646,0.13985,-0.045642,0.11287,0.12891,-0.038422,0.10276,0.18562,-0.058606,0.097952,0.12104,-0.074844,0.11616,0.073926,-0.083516,0.15218,0.019615,-0.099896,0.1035,0.11612,-0.05407,0.078822,0.072014,-0.056647,0.069034,0.011924,-0.070274
0.10065,0.1467,-0.060302,0.097726,0.16176,-0.058725,0.090438,0.16938,-0.079857,0.098609,0.1346,-0.093095,0.078856,0.13694,-0.074753,0.11106,0.16858,-0.038902,0.1335,0.13973,-0.045076,0.10995,0.12899,-0.037454,0.10004,0.18557,-0.057861,0.094873,0.12103,-0.074315,0.1131,0.073939,-0.083051,0.15076,0.021028,-0.10011,0.10059,0.11606,-0.053597,0.076118,0.071875,-0.056623,0.063752,0.01203,-0.069296
0.097712,0.1466,-0.059685,0.09487,0.16167,-0.057993,0.087442,0.16938,-0.07904,0.09565,0.13474,-0.092587,0.075984,0.13675,-0.074112,0.10833,0.16839,-0.038225,0.13063,0.13947,-0.04455,0.1071,0.12895,-0.036559,0.097246,0.18547,-0.057104,0.09177,0.12096,-0.073778,0.10983,0.073807,-0.082521,0.14924,0.022493,-0.10036,0.097681,0.11594,-0.053128,0.073448,0.071644,-0.056552,0.05891,0.012142,-0.068289
0.094829,0.14647,-0.059057,0.092093,0.16154,-0.057246,0.084567,0.16927,-0.078254,0.092813,0.13475,-0.092102,0.073167,0.1364,-0.07357,0.10562,0.16826,-0.037526,0.12774,0.13922,-0.043971,0.10421,0.12893,-0.03568,0.094456,0.18534,-0.056265,0.088643,0.12086,-0.073257,0.10635,0.073566,-0.081965,0.14748,0.024034,-0.10076,0.094796,0.11577,-0.052695,0.070875,0.071331,-0.056369,0.054577,0.012179,-0.067386
0.092,0.14623,-0.058466,0.089351,0.1613,-0.056525,0.081772,0.1691,-0.077485,0.090018,0.1347,-0.091626,0.070397,0.1359,-0.073033,0.1029,0.16797,-0.036798,0.12471,0.13871,-0.043294,0.10118,0.12866,-0.034702,0.09168,0.1851,-0.05543,0.085622,0.12063,-0.072742,0.10274,0.073118,-0.081445,0.14542,0.025451,-0.10128,0.091951,0.11553,-0.052236,0.0683,0.070961,-0.056119,0.050603,0.012098,-0.066738
0.089175,0.14585,-0.057873,0.086604,0.16093,-0.055814,0.078971,0.16884,-0.076712,0.08718,0.13456,-0.091152,0.067566,0.13526,-0.072527,0.10017,0.1675,-0.036066,0.12162,0.13798,-0.042584,0.098088,0.12823,-0.03369,0.088924,0.18472,-0.054635,0.082681,0.12024,-0.072211,0.098964,0.072441,-0.080935,0.14309,0.026767,-0.10171,0.08913,0.11514,-0.051741,0.065715,0.070473,-0.055844,0.046952,0.011802,-0.066427
0.086287,0.14524,-0.057352,0.083777,0.1603,-0.055126,0.076157,0.16838,-0.075965,0.084458,0.13424,-0.090687,0.064769,0.13443,-0.07213,0.097389,0.16669,-0.035351,0.11854,0.13694,-0.041829,0.094958,0.12751,-0.032707,0.086124,0.18408,-0.053858,0.079625,0.11964,-0.07174,0.095024,0.071534,-0.080393,0.14062,0.027943,-0.10189,0.086246,0.11457,-0.051319,0.063115,0.06977,-0.055642,0.043672,0.011111,-0.066426
0.083469,0.1445,-0.056855,0.080969,0.15954,-0.054479,0.073389,0.16782,-0.075255,0.0817,0.13378,-0.090222,0.061907,0.13344,-0.071777,0.094673,0.16568,-0.03469,0.11534,0.13558,-0.041107,0.091726,0.12646,-0.031745,0.083302,0.18332,-0.053107,0.076838,0.119,-0.071432,0.091021,0.070502,-0.079982,0.138,0.028765,-0.10197,0.083496,0.11382,-0.051049,0.06046,0.069,-0.055629,0.040785,0.010231,-0.066742
0.080694,0.14379,-0.056326,0.078229,0.15881,-0.053787,0.070717,0.16728,-0.074508,0.078933,0.13335,-0.089747,0.059051,0.13238,-0.07142,0.091975,0.16471,-0.033954,0.1121,0.13422,-0.040254,0.088424,0.1255,-0.030678,0.080475,0.18259,-0.052332,0.073887,0.11833,-0.070934,0.086929,0.069513,-0.0795,0.13513,0.029673,-0.10204,0.080781,0.11314,-0.050632,0.05779,0.068305,-0.055277,0.038574,0.0093972,-0.06718
0.077933,0.143,-0.055815,0.075516,0.15799,-0.053109,0.068038,0.16661,-0.073784,0.076301,0.13285,-0.089383,0.056315,0.13131,-0.07121,0.089248,0.16375,-0.033224,0.10877,0.13284,-0.039367,0.084978,0.12458,-0.029678,0.077724,0.18177,-0.051533,0.070812,0.11755,-0.070391,0.08278,0.068476,-0.079022,0.13207,0.030536,-0.10189,0.078037,0.11239,-0.050198,0.055049,0.067531,-0.054626,0.03694,0.0085753,-0.067777
0.075175,0.14204,-0.055371,0.072782,0.157,-0.052469,0.065305,0.16577,-0.073081,0.073669,0.13222,-0.089078,0.05353,0.13018,-0.071125,0.08654,0.16261,-0.032557,0.10541,0.13126,-0.038513,0.08146,0.12354,-0.028758,0.075004,0.18078,-0.050831,0.067704,0.1167,-0.069989,0.078646,0.067386,-0.078653,0.12895,0.031268,-0.10155,0.075219,0.11147,-0.049917,0.052258,0.066571,-0.054057,0.036022,0.0078387,-0.068328
0.072448,0.14101,-0.05494,0.070071,0.15593,-0.051812,0.062648,0.16483,-0.072386,0.071048,0.13148,-0.088766,0.050758,0.12889,-0.071054,0.083792,0.1614,-0.031837,0.10198,0.12961,-0.037586,0.077865,0.12249,-0.027779,0.072252,0.17971,-0.050215,0.064584,0.11582,-0.069654,0.074379,0.066273,-0.078331,0.1256,0.031904,-0.10124,0.072356,0.11049,-0.049709,0.049583,0.065483,-0.053722,0.03588,0.0072744,-0.068875
0.069685,0.14009,-0.054444,0.067297,0.15497,-0.051111,0.059863,0.16395,-0.071644,0.06817,0.13077,-0.088411,0.047775,0.12761,-0.070913,0.080962,0.16038,-0.031083,0.098314,0.12809,-0.036623,0.074044,0.1216,-0.026775,0.070092,0.17863,-0.048957,0.061436,0.11502,-0.069194,0.069745,0.065199,-0.077856,0.12172,0.032418,-0.10099,0.069541,0.10962,-0.049402,0.047057,0.064458,-0.053383,0.03585,0.0069781,-0.06948
0.066955,0.1393,-0.053867,0.064534,0.15412,-0.05032,0.057034,0.1632,-0.070787,0.065028,0.13013,-0.087935,0.044541,0.12643,-0.070653,0.078129,0.15949,-0.030235,0.094382,0.12661,-0.035568,0.069946,0.1208,-0.025702,0.067537,0.17774,-0.047978,0.05838,0.11423,-0.068544,0.064864,0.064155,-0.077288,0.11751,0.032878,-0.10079,0.066855,0.1089,-0.048888,0.044712,0.063578,-0.052892,0.035648,0.0068596,-0.06968
0.064304,0.13846,-0.053274,0.061883,0.15323,-0.049517,0.054384,0.16242,-0.069937,0.062085,0.12948,-0.087465,0.04152,0.12522,-0.070406,0.07541,0.15853,-0.029367,0.090484,0.12505,-0.03445,0.065866,0.11997,-0.024636,0.064745,0.17687,-0.047213,0.055435,0.11336,-0.06783,0.060036,0.063107,-0.076777,0.11329,0.033338,-0.10047,0.064295,0.10817,-0.048306,0.042604,0.062635,-0.052422,0.035552,0.0065595,-0.06945
0.061696,0.13757,-0.05269,0.059311,0.15228,-0.048715,0.051883,0.16159,-0.069106,0.05942,0.12882,-0.087004,0.038764,0.12407,-0.070186,0.072762,0.15747,-0.028484,0.086733,0.12347,-0.033271,0.061922,0.11919,-0.023561,0.062037,0.17593,-0.046332,0.052718,0.11233,-0.067164,0.055112,0.061971,-0.076355,0.109,0.033541,-0.099924,0.061771,0.10743,-0.047653,0.040717,0.061632,-0.052089,0.035459,0.006132,-0.069382
0.059166,0.13669,-0.052118,0.05681,0.15134,-0.047903,0.049479,0.16081,-0.068253,0.056893,0.12819,-0.086468,0.036118,0.12302,-0.069922,0.070182,0.15635,-0.027576,0.083064,0.12188,-0.03202,0.058054,0.11842,-0.022493,0.059401,0.17499,-0.04542,0.050135,0.11124,-0.066432,0.05002,0.060877,-0.075893,0.1044,0.033462,-0.099179,0.059413,0.10676,-0.046929,0.039114,0.060649,-0.051689,0.035383,0.0058315,-0.06938
0.056689,0.13589,-0.051532,0.054404,0.15048,-0.047074,0.047152,0.1601,-0.067385,0.054583,0.12765,-0.085913,0.033697,0.12201,-0.069665,0.06773,0.15534,-0.026679,0.079413,0.1204,-0.030745,0.054204,0.11782,-0.021468,0.056896,0.17414,-0.044531,0.047896,0.1101,-0.065755,0.044964,0.059853,-0.075379,0.099557,0.033082,-0.098513,0.057284,0.10619,-0.04618,0.037721,0.059802,-0.051241,0.035335,0.0056025,-0.06928
0.054153,0.13511,-0.050984,0.051903,0.14964,-0.046315,0.044678,0.15935,-0.066593,0.052244,0.1271,-0.085412,0.031239,0.12098,-0.06949,0.06521,0.1544,-0.025885,0.075563,0.119,-0.029556,0.050189,0.11734,-0.020523,0.054418,0.17328,-0.043707,0.045424,0.10909,-0.065075,0.039976,0.059054,-0.074718,0.094709,0.032789,-0.097759,0.055027,0.10561,-0.045523,0.036286,0.058883,-0.050607,0.03522,0.0052542,-0.06907
0.051602,0.13465,-0.05035,0.049394,0.14913,-0.045515,0.042178,0.15894,-0.065749,0.049931,0.12686,-0.084791,0.028799,0.12034,-0.069204,0.06266,0.15381,-0.025039,0.071699,0.11801,-0.028295,0.046205,0.11718,-0.01949,0.051946,0.17275,-0.042789,0.042857,0.10847,-0.064317,0.035104,0.058719,-0.073865,0.089789,0.032597,-0.096832,0.052658,0.1053,-0.04481,0.034909,0.058181,-0.049834,0.035067,0.005242,-0.068869
0.049163,0.13423,-0.049758,0.046991,0.14867,-0.044799,0.0398,0.15858,-0.064994,0.047827,0.12666,-0.084185,0.026553,0.11984,-0.068919,0.060221,0.15326,-0.024277,0.068188,0.11717,-0.027158,0.04258,0.11716,-0.018649,0.04956,0.17226,-0.041934,0.040439,0.10798,-0.063728,0.030301,0.058592,-0.072923,0.084605,0.03211,-0.095812,0.050419,0.10493,-0.044293,0.033583,0.057467,-0.049195,0.034891,0.0051199,-0.068745
0.04672,0.13395,-0.049138,0.044534,0.14836,-0.044084,0.037376,0.15838,-0.064237,0.04578,0.1266,-0.083501,0.024353,0.1196,-0.068536,0.057758,0.15282,-0.023532,0.064973,0.11655,-0.026005,0.039255,0.11749,-0.017886,0.046881,0.17199,-0.041297,0.03807,0.10763,-0.063032,0.024966,0.058836,-0.071639,0.078393,0.031234,-0.094726,0.048338,0.1047,-0.043729,0.032393,0.056931,-0.048642,0.034872,0.0050925,-0.068606
0.044226,0.13371,-0.048423,0.04205,0.14811,-0.043319,0.03494,0.15821,-0.063443,0.043735,0.12659,-0.082784,0.022182,0.1195,-0.068043,0.055263,0.15246,-0.022737,0.061828,0.11604,-0.024936,0.036049,0.11786,-0.017171,0.044296,0.17175,-0.040543,0.035607,0.1072,-0.062032,0.020167,0.059048,-0.070338,0.072835,0.030391,-0.093564,0.046226,0.10456,-0.042878,0.031346,0.056473,-0.048062,0.034918,0.0052554,-0.068558
0.041757,0.13349,-0.047729,0.039558,0.14788,-0.04261,0.032463,0.15804,-0.062707,0.041839,0.12661,-0.082085,0.020155,0.11952,-0.067538,0.0528,0.15214,-0.022028,0.058594,0.11558,-0.024005,0.032793,0.11824,-0.01656,0.0418,0.17152,-0.039821,0.03318,0.10693,-0.06121,0.016022,0.05927,-0.068998,0.067952,0.029504,-0.092238,0.044017,0.10436,-0.042169,0.030257,0.055961,-0.047564,0.034867,0.005203,-0.068454
0.03928,0.13367,-0.046895,0.037005,0.14805,-0.041784,0.029912,0.1582,-0.061892,0.039937,0.12697,-0.081276,0.01815,0.11992,-0.066861,0.050228,0.15234,-0.021196,0.055228,0.11566,-0.022991,0.029432,0.11912,-0.015864,0.039201,0.1717,-0.039012,0.030731,0.10719,-0.060446,0.011346,0.060225,-0.067117,0.061882,0.028373,-0.090606,0.041665,0.10448,-0.041481,0.029173,0.055772,-0.047156,0.034975,0.0052907,-0.068273
0.036859,0.13367,-0.046067,0.034554,0.14804,-0.040961,0.027548,0.1581,-0.061145,0.038056,0.12706,-0.08058,0.01625,0.12006,-0.066174,0.047639,0.15245,-0.02031,0.052085,0.11569,-0.021975,0.026295,0.11986,-0.015219,0.036694,0.1717,-0.038197,0.028341,0.10717,-0.059632,0.0069992,0.060933,-0.065352,0.056227,0.026899,-0.088728,0.039349,0.10448,-0.040706,0.028035,0.055536,-0.046774,0.035006,0.0053463,-0.068197
0.03437,0.13376,-0.045208,0.032049,0.14814,-0.040131,0.025147,0.15813,-0.060381,0.036069,0.12727,-0.079865,0.014243,0.12031,-0.065469,0.04505,0.1526,-0.019438,0.049095,0.11579,-0.021003,0.023323,0.12059,-0.014607,0.034113,0.17181,-0.037434,0.025936,0.10724,-0.058781,0.0029261,0.061697,-0.063552,0.050621,0.02536,-0.086734,0.036991,0.10457,-0.03988,0.026793,0.055446,-0.046484,0.034889,0.005465,-0.068165
0.031864,0.13403,-0.044274,0.029511,0.14842,-0.039224,0.022731,0.15832,-0.05956,0.03407,0.1276,-0.079027,0.01219,0.12071,-0.064682,0.042402,0.15296,-0.018481,0.046098,0.11611,-0.019941,0.020352,0.12149,-0.013904,0.031543,0.1721,-0.036596,0.023504,0.10751,-0.057866,-0.0009734,0.062634,-0.061541,0.044439,0.023885,-0.084733,0.034613,0.10484,-0.038996,0.025536,0.055582,-0.046189,0.034833,0.0057312,-0.068122
0.029255,0.13447,-0.043306,0.02689,0.14886,-0.038262,0.020315,0.15873,-0.058684,0.032083,0.12811,-0.078057,0.010131,0.12128,-0.063789,0.039623,0.15342,-0.017426,0.04298,0.11654,-0.018821,0.017259,0.12238,-0.013124,0.028929,0.17256,-0.035714,0.021046,0.10787,-0.056873,-0.0045349,0.063535,-0.059429,0.038209,0.022465,-0.082639,0.0322,0.10533,-0.038011,0.024364,0.055953,-0.045808,0.034764,0.0061213,-0.068037
0.026456,0.13495,-0.042362,0.024032,0.14934,-0.037347,0.01779,0.15934,-0.05781,0.030033,0.12878,-0.076986,0.008018,0.12204,-0.062771,0.036666,0.15367,-0.0164,0.039834,0.11676,-0.017728,0.014129,0.12299,-0.012367,0.026175,0.17304,-0.034878,0.018589,0.10828,-0.055881,-0.0079338,0.064452,-0.057294,0.032004,0.021044,-0.080347,0.02972,0.10585,-0.036992,0.023219,0.056393,-0.045494,0.034567,0.0063757,-0.068035
0.023863,0.13558,-0.041209,0.021466,0.14998,-0.036225,0.015332,0.15978,-0.056818,0.027833,0.12925,-0.075881,0.0058186,0.12258,-0.061637,0.033914,0.15455,-0.015218,0.03701,0.11764,-0.016528,0.011285,0.12406,-0.011514,0.023635,0.17369,-0.033848,0.015994,0.10877,-0.054606,-0.011316,0.065407,-0.05515,0.025589,0.019683,-0.077885,0.027125,0.10658,-0.035688,0.022012,0.057098,-0.044967,0.034529,0.0068022,-0.06787
0.021137,0.13628,-0.039968,0.018803,0.1507,-0.035011,0.012782,0.16039,-0.055688,0.025477,0.12987,-0.074627,0.0034853,0.12313,-0.060376,0.031096,0.15539,-0.013941,0.034367,0.11849,-0.015176,0.0085978,0.125,-0.010516,0.02097,0.17442,-0.032732,0.013254,0.10909,-0.052821,-0.014712,0.066151,-0.053064,0.01906,0.0183,-0.075276,0.024434,0.10755,-0.033868,0.020924,0.058116,-0.044087,0.034595,0.0076053,-0.067562
0.018601,0.13714,-0.038881,0.016139,0.15157,-0.034009,0.01026,0.16116,-0.054771,0.023304,0.13066,-0.073506,0.0012524,0.12386,-0.059376,0.028258,0.15638,-0.012862,0.031827,0.1195,-0.014024,0.0059895,0.12598,-0.009707,0.018305,0.1753,-0.031853,0.010944,0.1102,-0.052242,-0.017467,0.067577,-0.050822,0.013164,0.01687,-0.072113,0.021775,0.1082,-0.03313,0.01962,0.058767,-0.043715,0.034315,0.0075255,-0.067271
0.015904,0.13789,-0.037692,0.01349,0.15235,-0.032885,0.0077418,0.16183,-0.053738,0.021151,0.13133,-0.072218,-0.00096377,0.12454,-0.058186,0.02549,0.15728,-0.011697,0.029389,0.12043,-0.012913,0.0034586,0.12673,-0.008898,0.015694,0.17609,-0.030805,0.0083355,0.11089,-0.051072,-0.020289,0.068446,-0.048745,0.0065008,0.01579,-0.069018,0.018972,0.10898,-0.031841,0.018235,0.059613,-0.042922,0.034041,0.0078575,-0.06692
0.013021,0.13861,-0.0364,0.010771,0.15312,-0.031664,0.0050908,0.16252,-0.052568,0.018836,0.13199,-0.070749,-0.0033128,0.12517,-0.056787,0.022749,0.15809,-0.010476,0.02687,0.12127,-0.011682,0.00084522,0.12736,-0.0079604,0.013045,0.17685,-0.029641,0.0053155,0.11129,-0.049264,-0.023255,0.068823,-0.046737,1.3811e-05,0.014494,-0.06599,0.016025,0.1099,-0.03003,0.016719,0.060657,-0.041678,0.03384,0.0086971,-0.066441
0.010384,0.13932,-0.03534,0.0080401,0.15383,-0.030634,0.0024518,0.16312,-0.051611,0.016528,0.13256,-0.069491,-0.0056549,0.12566,-0.055622,0.019917,0.15891,-0.0094159,0.024358,0.12213,-0.010573,-0.0017675,0.12793,-0.0071062,0.010318,0.17757,-0.02872,0.0028232,0.11225,-0.048688,-0.025541,0.06975,-0.044758,-0.00652,0.013415,-0.0626,0.013192,0.11045,-0.029301,0.015057,0.061275,-0.0411,0.033622,0.0086036,-0.065847
0.0077777,0.1399,-0.034156,0.0053364,0.15443,-0.029584,-8.3299e-05,0.16361,-0.050655,0.014204,0.13299,-0.068253,-0.0079779,0.12596,-0.054443,0.017028,0.15964,-0.0082924,0.02193,0.12291,-0.0094109,-0.0043136,0.12831,-0.0062048,0.0075556,0.17819,-0.027792,0.00035219,0.11294,-0.047683,-0.027774,0.070357,-0.043007,-0.013025,0.012382,-0.059166,0.010439,0.11091,-0.028171,0.013538,0.061914,-0.04044,0.033411,0.0084402,-0.065168
0.0049477,0.14058,-0.032861,0.0025672,0.15517,-0.028433,-0.0027292,0.16426,-0.049575,0.011678,0.13354,-0.066904,-0.010474,0.12637,-0.05312,0.014146,0.16046,-0.0071016,0.019454,0.12379,-0.0081274,-0.0069187,0.12871,-0.0052214,0.0047351,0.17894,-0.026781,-0.0025615,0.11352,-0.046142,-0.030112,0.070592,-0.04117,-0.019382,0.011507,-0.055743,0.0075838,0.11159,-0.02665,0.012109,0.062835,-0.039416,0.033295,0.0086261,-0.064283
0.001878,0.14135,-0.031478,-0.00028478,0.15601,-0.027192,-0.0055095,0.16499,-0.048401,0.0091203,0.13419,-0.065403,-0.013041,0.12695,-0.051673,0.011252,0.16141,-0.005864,0.016982,0.1248,-0.0068087,-0.0095129,0.12919,-0.0041765,0.001888,0.1798,-0.025662,-0.0059123,0.11398,-0.044139,-0.032715,0.070576,-0.039242,-0.025731,0.010809,-0.052295,0.0046183,0.11249,-0.024813,0.010882,0.064097,-0.038208,0.03332,0.0091799,-0.063313
-0.0011099,0.14202,-0.030115,-0.0031459,0.15673,-0.025961,-0.008293,0.16558,-0.047244,0.0065443,0.13473,-0.063967,-0.015599,0.12743,-0.050241,0.0083298,0.16225,-0.0046314,0.014507,0.12571,-0.0054515,-0.012088,0.12963,-0.0030888,-0.00088924,0.18051,-0.024528,-0.0090741,0.11443,-0.042317,-0.035187,0.07061,-0.037443,-0.032069,0.010275,-0.048781,0.0017054,0.11325,-0.023107,0.0096344,0.065289,-0.037149,0.033259,0.0096378,-0.062367
-0.003914,0.14256,-0.02881,-0.005961,0.15731,-0.024794,-0.011041,0.166,-0.046157,0.003911,0.13507,-0.062635,-0.018189,0.12765,-0.048902,0.0054063,0.16301,-0.0034524,0.011991,0.12653,-0.0040708,-0.014693,0.12997,-0.0019918,-0.0036001,0.18108,-0.023431,-0.0119,0.11491,-0.040837,-0.037362,0.070721,-0.035821,-0.038285,0.0099265,-0.045246,-0.001096,0.11379,-0.021638,0.0082129,0.066231,-0.036189,0.032907,0.010049,-0.061408
-0.0067458,0.14307,-0.027519,-0.0087856,0.15786,-0.023629,-0.013841,0.16643,-0.045049,0.0012056,0.13543,-0.061296,-0.020849,0.12789,-0.047552,0.0025723,0.16368,-0.0023142,0.0095501,0.12727,-0.002721,-0.017216,0.13018,-0.00090025,-0.0063604,0.18163,-0.022308,-0.014723,0.11539,-0.039429,-0.039446,0.070796,-0.034309,-0.044335,0.0098381,-0.0417,-0.0039424,0.1143,-0.020215,0.0064119,0.067052,-0.035082,0.032151,0.010842,-0.060486
-0.0096079,0.1435,-0.026238,-0.01164,0.15832,-0.022439,-0.016654,0.16678,-0.043905,-0.001476,0.13573,-0.059936,-0.023503,0.12813,-0.046187,-0.00023026,0.16418,-0.0011655,0.0071521,0.12786,-0.001413,-0.019682,0.13023,0.00016782,-0.0091743,0.18209,-0.02119,-0.017519,0.11577,-0.038034,-0.04146,0.070752,-0.032902,-0.050157,0.0098732,-0.038243,-0.0067454,0.11475,-0.018812,0.0042936,0.067703,-0.033837,0.031426,0.011769,-0.059683
-0.012438,0.14384,-0.024969,-0.01446,0.15867,-0.021233,-0.019456,0.16704,-0.042742,-0.0041281,0.13595,-0.058561,-0.026127,0.12832,-0.04478,-0.0030347,0.16462,8.632e-06,0.0049016,0.12841,-8.6608e-05,-0.021984,0.13026,0.0013003,-0.01204,0.18245,-0.020123,-0.02029,0.11602,-0.036632,-0.043431,0.07058,-0.031573,-0.055654,0.0099696,-0.034971,-0.0095031,0.11513,-0.017411,0.0020331,0.068227,-0.032496,0.030542,0.012844,-0.058798
-0.01521,0.14413,-0.023715,-0.017266,0.15897,-0.02004,-0.022302,0.16726,-0.041569,-0.0068648,0.13613,-0.05718,-0.028822,0.1285,-0.04333,-0.005812,0.165,0.0011644,0.0027066,0.12892,0.0012011,-0.024218,0.13026,0.0024027,-0.014853,0.18276,-0.019078,-0.022977,0.1162,-0.035167,-0.045378,0.070368,-0.030298,-0.060751,0.010206,-0.031877,-0.01216,0.1155,-0.015955,-0.00025839,0.068698,-0.031067,0.029599,0.014082,-0.05766
-0.017961,0.14437,-0.022498,-0.020055,0.15922,-0.018871,-0.025196,0.16744,-0.040402,-0.0097607,0.13621,-0.055835,-0.031679,0.12866,-0.041885,-0.0085038,0.16532,0.0022594,0.00033852,0.12932,0.0024116,-0.026612,0.13017,0.0034661,-0.01757,0.183,-0.017972,-0.025651,0.11636,-0.033766,-0.047298,0.070148,-0.029018,-0.06535,0.010491,-0.029051,-0.0148,0.11582,-0.014569,-0.0027052,0.069032,-0.029589,0.028622,0.015286,-0.056268
-0.020651,0.14447,-0.021327,-0.022776,0.15932,-0.017728,-0.028046,0.16746,-0.039258,-0.012643,0.13612,-0.054489,-0.034533,0.12867,-0.040443,-0.011158,0.16552,0.0033353,-0.00204,0.12959,0.0035956,-0.029005,0.12997,0.0045509,-0.020294,0.18311,-0.016892,-0.028359,0.11637,-0.032395,-0.049275,0.069826,-0.027696,-0.069437,0.010635,-0.026523,-0.017467,0.116,-0.013216,-0.0053334,0.069171,-0.028062,0.027543,0.016506,-0.054763
-0.023346,0.14445,-0.020156,-0.025532,0.1593,-0.016571,-0.030871,0.16738,-0.038108,-0.015381,0.13598,-0.053143,-0.037231,0.12862,-0.038984,-0.013896,0.16559,0.0044569,-0.0044095,0.12975,0.0047665,-0.03138,0.12963,0.0056555,-0.023049,0.18309,-0.01579,-0.030995,0.11625,-0.030999,-0.051361,0.069458,-0.02631,-0.072961,0.010579,-0.024088,-0.020073,0.11611,-0.011835,-0.0081084,0.069157,-0.026433,0.026211,0.017825,-0.053148
-0.026093,0.14438,-0.019,-0.028365,0.15922,-0.015441,-0.033829,0.1673,-0.036947,-0.018302,0.13583,-0.051781,-0.040074,0.12856,-0.037457,-0.016577,0.16549,0.0055063,-0.0067709,0.12975,0.0058373,-0.033736,0.12919,0.0067175,-0.025855,0.18301,-0.014714,-0.033632,0.11611,-0.029629,-0.053622,0.069164,-0.02487,-0.075948,0.010398,-0.021787,-0.022676,0.11613,-0.010483,-0.011145,0.068952,-0.024703,0.024941,0.019138,-0.051549
-0.02878,0.14425,-0.017854,-0.031093,0.15909,-0.01433,-0.036767,0.16714,-0.035793,-0.02133,0.13554,-0.050431,-0.043039,0.12841,-0.035939,-0.019119,0.16541,0.0064999,-0.0088993,0.12978,0.0068204,-0.035849,0.12876,0.007744,-0.028681,0.1829,-0.013691,-0.036329,0.11593,-0.02826,-0.05603,0.068882,-0.023271,-0.078443,0.010084,-0.019746,-0.025273,0.11606,-0.0091728,-0.014366,0.068594,-0.022893,0.024071,0.020517,-0.050024
-0.031301,0.14401,-0.016711,-0.033697,0.15885,-0.013205,-0.039601,0.16675,-0.03466,-0.02429,0.135,-0.049116,-0.045956,0.1281,-0.03445,-0.021648,0.16537,0.0075176,-0.0109,0.12989,0.007763,-0.037824,0.12838,0.0087585,-0.031505,0.18267,-0.012652,-0.03887,0.11564,-0.026956,-0.058527,0.068619,-0.021551,-0.080494,0.0096182,-0.017884,-0.02779,0.11591,-0.0078836,-0.017757,0.068079,-0.020995,0.022509,0.021842,-0.048415
-0.033828,0.14368,-0.015597,-0.036302,0.1585,-0.012109,-0.042439,0.16628,-0.033545,-0.027356,0.13436,-0.047877,-0.048938,0.12771,-0.032974,-0.024166,0.1652,0.0085039,-0.012978,0.12986,0.0086222,-0.039866,0.12788,0.0097622,-0.033914,0.1823,-0.011359,-0.041431,0.11525,-0.025663,-0.061144,0.068303,-0.019828,-0.082061,0.0088262,-0.015998,-0.030297,0.11566,-0.0066244,-0.021266,0.067417,-0.01896,0.02076,0.023086,-0.046777
-0.036405,0.14331,-0.014451,-0.038918,0.15814,-0.01103,-0.045187,0.16585,-0.032452,-0.030334,0.13377,-0.046643,-0.051832,0.12741,-0.031492,-0.026747,0.16495,0.0095279,-0.015167,0.12973,0.0095345,-0.042011,0.12731,0.010849,-0.036624,0.18195,-0.010315,-0.04413,0.11483,-0.024228,-0.063833,0.067924,-0.018093,-0.083059,0.0077483,-0.014031,-0.032824,0.11534,-0.0052935,-0.024782,0.066725,-0.016813,0.018928,0.024421,-0.045135
-0.038985,0.14291,-0.013266,-0.041572,0.15775,-0.0099727,-0.047985,0.16537,-0.031387,-0.033414,0.13308,-0.045404,-0.054845,0.12707,-0.030019,-0.029357,0.1647,0.010514,-0.017459,0.12959,0.010438,-0.044246,0.12669,0.011931,-0.039565,0.18159,-0.0093933,-0.046887,0.11451,-0.022919,-0.066576,0.067649,-0.016402,-0.083752,0.0067924,-0.012242,-0.035538,0.11486,-0.0040068,-0.028484,0.065886,-0.01461,0.01657,0.025663,-0.04377
-0.041649,0.14239,-0.012078,-0.04429,0.15726,-0.0088912,-0.05087,0.16479,-0.030283,-0.036674,0.13225,-0.044115,-0.057976,0.12664,-0.028403,-0.031915,0.16427,0.011474,-0.019854,0.12922,0.011271,-0.04658,0.12591,0.012984,-0.042435,0.18111,-0.0083685,-0.049633,0.11409,-0.021701,-0.069445,0.06735,-0.014679,-0.08443,0.0059005,-0.010599,-0.038365,0.11428,-0.0027382,-0.032245,0.064981,-0.012355,0.013929,0.026852,-0.042348
-0.044379,0.14174,-0.010902,-0.047009,0.15662,-0.0077985,-0.053749,0.16412,-0.029153,-0.039977,0.13136,-0.042895,-0.061098,0.12617,-0.026801,-0.034394,0.16363,0.012421,-0.022244,0.12862,0.012131,-0.048903,0.12493,0.014094,-0.045287,0.18048,-0.0073021,-0.052441,0.11345,-0.020362,-0.072272,0.06678,-0.012956,-0.084797,0.0049687,-0.0091142,-0.041183,0.11365,-0.0013934,-0.035928,0.064057,-0.009985,0.011383,0.02812,-0.04069
-0.047033,0.14103,-0.0097564,-0.049636,0.15593,-0.0067116,-0.056542,0.16339,-0.028026,-0.043429,0.13033,-0.041703,-0.064338,0.12559,-0.025198,-0.036831,0.16296,0.01338,-0.02476,0.12791,0.012997,-0.051346,0.12388,0.01525,-0.047887,0.17979,-0.0062029,-0.05521,0.11272,-0.018994,-0.074905,0.066048,-0.011242,-0.085056,0.0042624,-0.0082169,-0.043864,0.11298,-7.8983e-05,-0.039597,0.063112,-0.0075199,0.008754,0.02934,-0.038839
-0.049578,0.14025,-0.0086766,-0.052265,0.15514,-0.0056725,-0.05935,0.1625,-0.026961,-0.046786,0.12918,-0.040499,-0.067488,0.12496,-0.023598,-0.03934,0.16229,0.014302,-0.027244,0.12725,0.013751,-0.053757,0.12295,0.016351,-0.050095,0.17897,-0.0050834,-0.057839,0.11202,-0.017881,-0.07725,0.065308,-0.0096876,-0.085241,0.0037692,-0.0079166,-0.046425,0.11217,0.00099484,-0.043331,0.062017,-0.0050168,0.005773,0.030278,-0.036948
-0.05209,0.13931,-0.0076865,-0.054982,0.15417,-0.0047257,-0.062188,0.16147,-0.025996,-0.050121,0.1279,-0.039358,-0.070635,0.12426,-0.022094,-0.04194,0.16138,0.015152,-0.029457,0.12649,0.014241,-0.055874,0.1219,0.017287,-0.052931,0.17801,-0.0042034,-0.060322,0.11136,-0.017207,-0.079383,0.064626,-0.0083321,-0.08504,0.0035065,-0.0075099,-0.04905,0.11105,0.0017523,-0.04715,0.060653,-0.0024347,0.0024252,0.030691,-0.034983
-0.054754,0.13854,-0.0067413,-0.057748,0.15339,-0.0037952,-0.065075,0.16064,-0.02504,-0.053752,0.12672,-0.038174,-0.074049,0.12372,-0.020536,-0.044553,0.16062,0.015973,-0.031734,0.12586,0.014638,-0.058046,0.12103,0.018177,-0.055819,0.17724,-0.0034004,-0.063074,0.11095,-0.016759,-0.081237,0.064027,-0.007037,-0.084589,0.0033744,-0.0069069,-0.051885,0.10999,0.0022274,-0.050912,0.059434,0.00027953,-0.0011789,0.031052,-0.032891
-0.057596,0.13795,-0.0054892,-0.060481,0.1528,-0.0024906,-0.068007,0.15998,-0.023691,-0.057525,0.12569,-0.036566,-0.07755,0.12335,-0.018522,-0.047087,0.1601,0.017119,-0.03395,0.12548,0.01538,-0.060144,0.12039,0.019406,-0.058532,0.17665,-0.0021798,-0.066122,0.11001,-0.014635,-0.083412,0.062705,-0.0051932,-0.085051,0.0026248,-0.0072153,-0.054424,0.10981,0.0040653,-0.054474,0.059221,0.0029609,-0.004828,0.032078,-0.030912
-0.060233,0.13751,-0.0043608,-0.063251,0.15236,-0.0014706,-0.071013,0.15946,-0.022611,-0.061217,0.12485,-0.035172,-0.080946,0.12317,-0.016732,-0.049609,0.15971,0.017946,-0.036045,0.12527,0.01582,-0.062116,0.11995,0.020303,-0.061231,0.1762,-0.0011876,-0.068792,0.10982,-0.013687,-0.084855,0.06215,-0.0039225,-0.085038,0.0024529,-0.0074152,-0.056966,0.10912,0.0049205,-0.057985,0.058538,0.0059137,-0.0087369,0.032211,-0.028755
-0.06283,0.13738,-0.003181,-0.065961,0.15223,-0.00040527,-0.073957,0.15924,-0.021487,-0.064835,0.12432,-0.033673,-0.084287,0.12326,-0.014896,-0.052095,0.15965,0.018825,-0.038227,0.12536,0.016262,-0.064143,0.11975,0.021262,-0.063964,0.17607,-0.00016386,-0.071449,0.11,-0.012811,-0.086148,0.06192,-0.0028686,-0.084753,0.0026897,-0.0075283,-0.059537,0.10867,0.0057077,-0.061419,0.058217,0.0090569,-0.012842,0.032219,-0.026534
-0.065182,0.13694,-0.0020122,-0.068447,0.15178,0.00070085,-0.076737,0.15867,-0.020309,-0.068371,0.12343,-0.032133,-0.087527,0.12305,-0.013027,-0.054379,0.15934,0.019726,-0.040271,0.1252,0.016632,-0.065985,0.11923,0.022221,-0.066522,0.17563,0.00085766,-0.073915,0.10981,-0.011788,-0.087607,0.061419,-0.0019159,-0.085007,0.002692,-0.0074394,-0.061921,0.10807,0.0066426,-0.064992,0.057847,0.012065,-0.017183,0.031995,-0.024326
-0.067414,0.13644,-0.00086299,-0.070784,0.15125,0.0018255,-0.07944,0.15796,-0.019095,-0.071734,0.12246,-0.030577,-0.090564,0.12275,-0.011149,-0.056516,0.15904,0.02061,-0.042055,0.12512,0.016871,-0.067539,0.1188,0.023101,-0.068898,0.17511,0.0019029,-0.07622,0.10943,-0.010738,-0.089115,0.060782,-0.0010868,-0.085482,0.0024726,-0.0074741,-0.064158,0.10746,0.0076251,-0.068687,0.0576,0.014988,-0.021957,0.03138,-0.022109
-0.069583,0.13619,0.00032269,-0.073045,0.15098,0.0029993,-0.082037,0.15761,-0.017806,-0.074913,0.12187,-0.028935,-0.093428,0.12286,-0.0092294,-0.058604,0.15891,0.021594,-0.043744,0.12524,0.017166,-0.069,0.11864,0.024004,-0.071165,0.17484,0.0029916,-0.078307,0.10915,-0.0094931,-0.090503,0.060254,-0.00018775,-0.085741,0.0023742,-0.0075066,-0.066142,0.1072,0.0088038,-0.072419,0.057825,0.017961,-0.027136,0.030692,-0.019777
-0.072017,0.13618,0.0014118,-0.075423,0.15096,0.0042254,-0.084711,0.15753,-0.016467,-0.078129,0.12158,-0.027227,-0.096374,0.12331,-0.0073207,-0.060849,0.159,0.022668,-0.045686,0.12556,0.01756,-0.070723,0.11874,0.024967,-0.073477,0.17481,0.0041507,-0.08096,0.10908,-0.0082775,-0.091491,0.059726,0.00062503,-0.085235,0.0023898,-0.0078443,-0.068562,0.10727,0.0098772,-0.075822,0.058377,0.02072,-0.031998,0.030077,-0.01741
-0.073952,0.13559,0.0026295,-0.077502,0.15035,0.0054055,-0.087203,0.15686,-0.015117,-0.080957,0.12075,-0.025543,-0.098909,0.12317,-0.0054445,-0.062633,0.15847,0.023572,-0.047137,0.1253,0.017781,-0.071963,0.11833,0.025737,-0.075569,0.1742,0.0052363,-0.082625,0.10835,-0.0067873,-0.092037,0.058585,0.0010044,-0.084538,0.0016251,-0.0086033,-0.07006,0.10677,0.011274,-0.079457,0.058542,0.023371,-0.037014,0.028738,-0.014822
-0.076353,0.13641,0.004044,-0.079924,0.15116,0.0068367,-0.090092,0.15761,-0.013476,-0.08406,0.12138,-0.023593,-0.10166,0.12447,-0.0032769,-0.064669,0.15934,0.024654,-0.048976,0.12637,0.018256,-0.073594,0.11929,0.026739,-0.07812,0.17502,0.0065829,-0.084883,0.10903,-0.0051463,-0.093378,0.058979,0.001857,-0.085511,0.0024102,-0.0076877,-0.072056,0.10766,0.012748,-0.082724,0.0599,0.02562,-0.041885,0.028057,-0.012407
-0.078815,0.13688,0.0052504,-0.082272,0.15163,0.0081388,-0.092925,0.158,-0.011952,-0.087108,0.12165,-0.021771,-0.10439,0.12542,-0.0012929,-0.066714,0.15995,0.025629,-0.051214,0.12697,0.01885,-0.075646,0.11983,0.027807,-0.080561,0.1755,0.0077902,-0.087606,0.10947,-0.0038816,-0.094325,0.059065,0.0024513,-0.085514,0.0027931,-0.0076629,-0.074532,0.10812,0.013833,-0.085884,0.060844,0.027874,-0.046847,0.027075,-0.0098834
-0.08121,0.13715,0.0064634,-0.084646,0.15191,0.0093755,-0.095766,0.15825,-0.010468,-0.090007,0.12183,-0.020048,-0.107,0.12624,0.00054339,-0.068726,0.16026,0.026518,-0.053364,0.1273,0.01935,-0.077597,0.12013,0.028812,-0.082956,0.17578,0.0089426,-0.09018,0.10982,-0.0026422,-0.095028,0.0591,0.0028124,-0.085236,0.0028998,-0.0080266,-0.076954,0.10831,0.014947,-0.08909,0.061592,0.030134,-0.05217,0.025697,-0.007192
-0.083509,0.13746,0.0077638,-0.08698,0.15222,0.010639,-0.098547,0.15855,-0.0089485,-0.092702,0.12209,-0.018301,-0.10943,0.1271,0.0023684,-0.070675,0.16058,0.027414,-0.055248,0.12773,0.01987,-0.079289,0.12055,0.029807,-0.085227,0.17608,0.010178,-0.092462,0.11018,-0.0012939,-0.095797,0.059245,0.0032584,-0.085176,0.0031419,-0.008127,-0.07912,0.10855,0.016197,-0.092333,0.062404,0.032218,-0.057636,0.02429,-0.0043845
-0.085793,0.13793,0.0090981,-0.089261,0.15269,0.011979,-0.10124,0.15892,-0.007392,-0.095397,0.12239,-0.016503,-0.11183,0.12799,0.00425,-0.072675,0.16117,0.028412,-0.057139,0.12847,0.020467,-0.081154,0.12157,0.030659,-0.087484,0.17655,0.011472,-0.094849,0.11071,9.711e-06,-0.096656,0.059627,0.0037511,-0.08511,0.0036444,-0.007921,-0.081492,0.10897,0.01748,-0.095486,0.063322,0.034234,-0.063088,0.022969,-0.0013856
-0.088028,0.13851,0.010469,-0.091519,0.15326,0.013345,-0.10386,0.15946,-0.0058097,-0.098286,0.12283,-0.014672,-0.11431,0.129,0.0062374,-0.074633,0.16177,0.029456,-0.05895,0.12921,0.021192,-0.082725,0.12222,0.03187,-0.089831,0.17712,0.01277,-0.097027,0.11126,0.0014671,-0.097585,0.060093,0.0043384,-0.085069,0.0040986,-0.0078009,-0.0835,0.10953,0.018806,-0.098545,0.064432,0.036137,-0.068637,0.021599,0.001636
-0.090401,0.13921,0.011943,-0.093857,0.15398,0.014778,-0.10656,0.16015,-0.004143,-0.10153,0.12337,-0.012697,-0.11708,0.13008,0.0084,-0.076625,0.16249,0.030517,-0.060782,0.13009,0.021958,-0.084337,0.12302,0.033069,-0.092251,0.17785,0.014157,-0.099435,0.11196,0.003047,-0.098676,0.060752,0.0049773,-0.084979,0.0046754,-0.0078463,-0.085851,0.11022,0.020341,-0.10157,0.065446,0.037907,-0.074115,0.020342,0.0046745
-0.092715,0.13984,0.013472,-0.096143,0.15464,0.016192,-0.1092,0.16078,-0.0025011,-0.10448,0.12389,-0.010799,-0.11956,0.13104,0.010499,-0.078599,0.16317,0.031571,-0.062557,0.13095,0.022719,-0.085914,0.12385,0.034223,-0.094542,0.17851,0.015502,-0.10176,0.11259,0.0046815,-0.099928,0.061385,0.0056495,-0.084908,0.0052199,-0.0077477,-0.088122,0.11079,0.021929,-0.10452,0.066289,0.03958,-0.079546,0.019061,0.0078383
-0.094996,0.14046,0.014991,-0.09837,0.15528,0.017605,-0.11173,0.16139,-0.00088262,-0.10697,0.1245,-0.0091404,-0.1216,0.13196,0.012364,-0.080561,0.16383,0.032667,-0.064326,0.13181,0.023455,-0.087453,0.12466,0.035383,-0.096812,0.17915,0.016831,-0.10404,0.11318,0.006283,-0.10118,0.062016,0.0062907,-0.084848,0.0056651,-0.0075512,-0.090325,0.11133,0.023463,-0.10738,0.0671,0.041166,-0.084966,0.01771,0.011156
-0.097313,0.14106,0.016528,-0.10064,0.15591,0.019042,-0.11424,0.16201,0.00072854,-0.10953,0.1251,-0.0074592,-0.12377,0.13278,0.014231,-0.08261,0.16446,0.033843,-0.06615,0.13267,0.024205,-0.089043,0.12546,0.036539,-0.098952,0.17977,0.018297,-0.10633,0.11373,0.0079772,-0.1025,0.062637,0.0070489,-0.084761,0.0061346,-0.0073455,-0.092509,0.1119,0.02507,-0.11017,0.067852,0.042625,-0.090342,0.016372,0.014457
-0.099723,0.14189,0.018145,-0.10301,0.15677,0.020567,-0.11684,0.16285,0.0024177,-0.11224,0.12592,-0.005699,-0.12606,0.13382,0.016176,-0.08475,0.1653,0.035091,-0.068072,0.13376,0.025034,-0.090705,0.12644,0.037773,-0.10127,0.18062,0.019812,-0.1087,0.11449,0.009794,-0.10461,0.063432,0.0082757,-0.086489,0.006509,-0.0066182,-0.094738,0.11274,0.026781,-0.11287,0.068719,0.043924,-0.095695,0.015261,0.017876
-0.1021,0.14257,0.019771,-0.10533,0.15748,0.022091,-0.11931,0.16355,0.0040526,-0.11491,0.12658,-0.0040254,-0.12822,0.13474,0.018071,-0.086857,0.16597,0.036369,-0.070146,0.13457,0.02593,-0.09246,0.1271,0.039139,-0.10368,0.18134,0.021321,-0.11108,0.11515,0.011584,-0.10602,0.064218,0.0090378,-0.086597,0.0071129,-0.0065014,-0.096984,0.11341,0.028459,-0.1155,0.069424,0.045284,-0.10126,0.014136,0.021569
-0.10447,0.14336,0.021422,-0.10761,0.1583,0.023669,-0.12179,0.16429,0.0057602,-0.11781,0.12726,-0.0022704,-0.13061,0.13562,0.020056,-0.088951,0.16684,0.037669,-0.072323,0.13552,0.026864,-0.094326,0.12794,0.040519,-0.10607,0.18217,0.022867,-0.11351,0.11586,0.013409,-0.10718,0.065145,0.0096768,-0.086136,0.0080781,-0.0067168,-0.099274,0.11422,0.030177,-0.11792,0.070151,0.046632,-0.10692,0.013176,0.025304
-0.10687,0.14384,0.023045,-0.10991,0.15881,0.025207,-0.12433,0.16469,0.0074584,-0.1207,0.12763,-0.00055504,-0.13304,0.13616,0.021962,-0.091049,0.16743,0.038893,-0.074322,0.13627,0.027774,-0.096053,0.1286,0.041813,-0.10845,0.18268,0.024364,-0.11597,0.11626,0.015223,-0.10938,0.06561,0.011046,-0.087954,0.0076048,-0.0060695,-0.10157,0.11471,0.031861,-0.12027,0.070523,0.047951,-0.11246,0.012145,0.029149
-0.1093,0.14442,0.024664,-0.11225,0.15942,0.026741,-0.12687,0.16524,0.0091363,-0.12352,0.12815,0.0010972,-0.13547,0.1368,0.023781,-0.093233,0.16809,0.040177,-0.076307,0.13714,0.028776,-0.09778,0.12941,0.043178,-0.11089,0.1833,0.025827,-0.11851,0.11679,0.017037,-0.11105,0.066341,0.011967,-0.08849,0.0079842,-0.0059138,-0.10395,0.11528,0.033543,-0.12258,0.070863,0.049051,-0.11776,0.011269,0.033047
-0.11172,0.14499,0.026288,-0.11456,0.16002,0.028271,-0.12935,0.16582,0.010799,-0.12624,0.12873,0.0026674,-0.13778,0.13744,0.025539,-0.095395,0.16869,0.041493,-0.078276,0.13797,0.02977,-0.09949,0.1302,0.044525,-0.11341,0.18391,0.027264,-0.12105,0.1173,0.018907,-0.11262,0.067119,0.012874,-0.089373,0.0085824,-0.0059514,-0.10631,0.11584,0.035253,-0.12486,0.071145,0.050038,-0.1231,0.01047,0.036904
-0.11414,0.14552,0.027933,-0.11688,0.16059,0.029826,-0.13174,0.16641,0.012424,-0.12873,0.12933,0.0041773,-0.13989,0.13806,0.027232,-0.097576,0.16918,0.042889,-0.080402,0.1386,0.030883,-0.10136,0.13082,0.045994,-0.11591,0.18448,0.028766,-0.12359,0.11783,0.020735,-0.11427,0.067901,0.013882,-0.090346,0.0094672,-0.006085,-0.10868,0.11635,0.036932,-0.12707,0.071338,0.050943,-0.1284,0.009747,0.040705
-0.11659,0.14624,0.029626,-0.11925,0.16132,0.031447,-0.13421,0.16717,0.014136,-0.13135,0.13013,0.0056994,-0.14205,0.13889,0.028955,-0.099798,0.16986,0.044337,-0.082553,0.13942,0.032073,-0.10331,0.13166,0.047467,-0.11845,0.18522,0.030346,-0.1261,0.11852,0.022555,-0.11612,0.068827,0.015005,-0.091931,0.01043,-0.0061,-0.11106,0.11705,0.038629,-0.12929,0.071721,0.051817,-0.1336,0.0095588,0.044425
-0.11919,0.14649,0.031268,-0.12185,0.16158,0.033024,-0.13688,0.1676,0.015828,-0.13416,0.1306,0.0071931,-0.1444,0.13938,0.030649,-0.10218,0.16987,0.045733,-0.08469,0.13967,0.033245,-0.10531,0.132,0.048865,-0.12081,0.18547,0.031873,-0.12868,0.11889,0.024224,-0.11789,0.069459,0.016062,-0.092941,0.011393,-0.0057643,-0.11356,0.11722,0.040199,-0.13184,0.071737,0.05277,-0.13904,0.0093752,0.048209
-0.12149,0.14675,0.032879,-0.12415,0.16186,0.034546,-0.13938,0.16774,0.017481,-0.13679,0.13077,0.0086534,-0.14662,0.13959,0.032268,-0.10438,0.17027,0.047013,-0.086765,0.14021,0.034363,-0.10728,0.13266,0.050188,-0.12243,0.1857,0.033507,-0.13132,0.11938,0.025719,-0.11972,0.070191,0.01721,-0.09385,0.012714,-0.0052017,-0.11616,0.11727,0.041606,-0.13438,0.071536,0.053325,-0.14278,0.0090907,0.051845
-0.12354,0.14696,0.034472,-0.1261,0.16209,0.036046,-0.14172,0.16754,0.019191,-0.1392,0.13061,0.010152,-0.14869,0.13947,0.033894,-0.10633,0.17101,0.048152,-0.088605,0.14103,0.035454,-0.10909,0.13365,0.051387,-0.1246,0.18595,0.035007,-0.13387,0.11973,0.02724,-0.12171,0.070719,0.018516,-0.09498,0.014002,-0.00466,-0.11868,0.11729,0.043051,-0.137,0.071455,0.054188,-0.14703,0.0093512,0.055132
-0.12608,0.14717,0.036128,-0.12863,0.16231,0.03769,-0.14429,0.16794,0.020933,-0.14127,0.13109,0.011746,-0.1505,0.1399,0.035603,-0.10865,0.17098,0.04964,-0.090647,0.14116,0.036966,-0.11111,0.13401,0.053032,-0.12702,0.18616,0.036566,-0.13627,0.11994,0.028893,-0.12384,0.071015,0.020043,-0.096321,0.015263,-0.0043348,-0.12105,0.11751,0.044682,-0.13956,0.071662,0.055478,-0.15123,0.010034,0.058058
-0.12864,0.14734,0.037799,-0.13119,0.16248,0.039369,-0.14684,0.16831,0.022671,-0.14412,0.1315,0.013255,-0.15315,0.14032,0.037184,-0.11103,0.17087,0.051213,-0.093019,0.14106,0.038533,-0.1134,0.1342,0.054836,-0.12949,0.18631,0.03812,-0.1386,0.12008,0.03054,-0.12632,0.071093,0.021839,-0.097797,0.016668,-0.0040332,-0.1234,0.11771,0.046347,-0.1421,0.07189,0.056894,-0.15512,0.010708,0.06076
-0.13104,0.14736,0.039441,-0.13359,0.1625,0.041005,-0.14921,0.16838,0.024298,-0.14651,0.13161,0.014687,-0.15543,0.14041,0.038671,-0.11338,0.17081,0.052819,-0.095231,0.14107,0.040159,-0.11564,0.1345,0.056546,-0.13331,0.18636,0.039408,-0.14101,0.12015,0.032115,-0.12903,0.07103,0.023775,-0.09928,0.018141,-0.0036318,-0.12579,0.11769,0.047893,-0.14464,0.071918,0.058382,-0.15864,0.011097,0.063217
-0.13319,0.14715,0.040797,-0.13594,0.16224,0.042462,-0.15158,0.16816,0.025781,-0.14874,0.13145,0.015977,-0.15759,0.14015,0.040023,-0.1157,0.17051,0.054254,-0.097288,0.14089,0.041693,-0.11783,0.1346,0.058021,-0.13394,0.18604,0.041162,-0.14317,0.12036,0.032855,-0.13174,0.070933,0.025631,-0.10103,0.019256,-0.0030667,-0.12821,0.11724,0.04876,-0.14724,0.071586,0.059428,-0.1617,0.010937,0.065566
-0.13555,0.14698,0.042344,-0.13828,0.16207,0.044043,-0.15395,0.16802,0.027409,-0.15082,0.13137,0.017481,-0.15971,0.13992,0.041563,-0.118,0.1703,0.055789,-0.099378,0.14075,0.043381,-0.12008,0.1348,0.059641,-0.13608,0.18586,0.042807,-0.14558,0.12017,0.034455,-0.13464,0.07055,0.027777,-0.10274,0.020684,-0.0025818,-0.13057,0.1171,0.050334,-0.14955,0.071413,0.06098,-0.16414,0.010774,0.067256
-0.13805,0.14685,0.044053,-0.14055,0.16197,0.045788,-0.15621,0.16801,0.029172,-0.15278,0.13141,0.019152,-0.16181,0.13973,0.043265,-0.12025,0.17013,0.057555,-0.10136,0.14068,0.045317,-0.12223,0.13512,0.061487,-0.13828,0.18576,0.044554,-0.14808,0.1196,0.036824,-0.13768,0.069871,0.030122,-0.10442,0.022317,-0.0020381,-0.13281,0.1173,0.052576,-0.15151,0.071426,0.062898,-0.16635,0.010647,0.068298
-0.14028,0.14641,0.045435,-0.14295,0.16149,0.047255,-0.15858,0.16759,0.030635,-0.15481,0.13106,0.020501,-0.16409,0.13908,0.044618,-0.12266,0.16959,0.059074,-0.10362,0.14017,0.046987,-0.12463,0.13496,0.063098,-0.14068,0.18527,0.045984,-0.15046,0.1195,0.037899,-0.1408,0.069476,0.032328,-0.10638,0.023504,-0.0010333,-0.13529,0.11669,0.053669,-0.15387,0.070787,0.064053,-0.16893,0.0097779,0.069268
-0.14258,0.14593,0.046937,-0.14524,0.16101,0.048862,-0.16087,0.16711,0.032252,-0.15669,0.13065,0.022014,-0.16629,0.13835,0.046109,-0.12497,0.16913,0.060712,-0.10605,0.13954,0.048858,-0.12718,0.13469,0.064929,-0.14284,0.18478,0.047552,-0.15291,0.11898,0.039622,-0.14406,0.068747,0.034692,-0.10845,0.024754,7.9127e-06,-0.13765,0.11634,0.055329,-0.15595,0.070278,0.065531,-0.17113,0.0089815,0.069734
-0.1449,0.14545,0.048453,-0.14749,0.16052,0.050483,-0.16314,0.16665,0.033897,-0.15853,0.13026,0.023602,-0.16851,0.13758,0.047663,-0.12724,0.16864,0.062361,-0.10841,0.13888,0.050802,-0.12971,0.13444,0.066765,-0.14502,0.18428,0.049188,-0.15532,0.11834,0.041493,-0.14752,0.067884,0.037028,-0.11067,0.026002,0.001279,-0.13991,0.11606,0.057105,-0.15794,0.069844,0.067077,-0.17259,0.0081774,0.069959
-0.14722,0.14489,0.04992,-0.1498,0.15995,0.05204,-0.16542,0.1661,0.035431,-0.16038,0.12978,0.025085,-0.1709,0.13665,0.049047,-0.1296,0.16808,0.064002,-0.11063,0.13824,0.052854,-0.13221,0.13428,0.068566,-0.14732,0.18371,0.050762,-0.15779,0.11778,0.043104,-0.15113,0.067111,0.039331,-0.1136,0.02712,0.0025146,-0.14229,0.11557,0.058642,-0.16013,0.069233,0.068426,-0.17386,0.0072727,0.06994
-0.14954,0.14429,0.051369,-0.1521,0.15934,0.053587,-0.16772,0.16551,0.036993,-0.16224,0.12929,0.026545,-0.17343,0.13566,0.050341,-0.1319,0.16745,0.065561,-0.11279,0.13754,0.054868,-0.13466,0.13405,0.070295,-0.14969,0.18311,0.052321,-0.16032,0.11726,0.044603,-0.15486,0.066389,0.041685,-0.11693,0.028138,0.0038641,-0.14476,0.11499,0.060074,-0.16245,0.0686,0.069823,-0.17517,0.0067297,0.069579
-0.15179,0.1435,0.052793,-0.15433,0.15854,0.055113,-0.17,0.16478,0.038584,-0.16403,0.12866,0.028042,-0.17575,0.13454,0.051708,-0.13408,0.1666,0.06704,-0.11525,0.13636,0.056805,-0.1373,0.13336,0.072071,-0.15194,0.18232,0.053864,-0.1627,0.11652,0.046087,-0.15856,0.065486,0.043988,-0.11959,0.028955,0.0057493,-0.14707,0.11425,0.061481,-0.16466,0.067815,0.071226,-0.17617,0.0064057,0.069242
-0.15397,0.14254,0.054279,-0.15648,0.15757,0.056671,-0.17215,0.16381,0.040146,-0.16571,0.12781,0.029478,-0.17782,0.13324,0.053057,-0.13624,0.16563,0.068617,-0.11782,0.13499,0.058832,-0.14004,0.13255,0.073957,-0.15405,0.18134,0.055443,-0.16488,0.11544,0.047758,-0.16226,0.064291,0.046111,-0.1217,0.029492,0.0079974,-0.14913,0.11341,0.063068,-0.16658,0.066863,0.072549,-0.17649,0.0060113,0.068883
-0.15608,0.14159,0.055837,-0.1585,0.15663,0.058273,-0.17412,0.16287,0.0417,-0.16719,0.127,0.030896,-0.17974,0.1319,0.054356,-0.13833,0.1647,0.070306,-0.12001,0.13382,0.061107,-0.14252,0.13202,0.075889,-0.15607,0.1804,0.057108,-0.16672,0.11414,0.049652,-0.16605,0.062917,0.048185,-0.12429,0.029752,0.010167,-0.15082,0.11273,0.06488,-0.16831,0.066093,0.073851,-0.17663,0.0058647,0.068496
-0.15834,0.14082,0.057365,-0.16066,0.15586,0.059889,-0.17628,0.16211,0.043324,-0.16882,0.1264,0.032357,-0.18188,0.13079,0.055643,-0.14049,0.16395,0.071943,-0.12229,0.1328,0.063431,-0.1451,0.1317,0.077802,-0.15824,0.17964,0.058784,-0.16896,0.11317,0.051456,-0.1699,0.061941,0.050326,-0.12731,0.030247,0.012335,-0.15296,0.11217,0.066599,-0.17032,0.065429,0.0752,-0.17702,0.0058408,0.06859
-0.16049,0.14006,0.058924,-0.16284,0.15509,0.061497,-0.17843,0.16135,0.044898,-0.1704,0.1258,0.033783,-0.18403,0.12973,0.056823,-0.14273,0.16318,0.073632,-0.12483,0.13169,0.065762,-0.14787,0.13127,0.079814,-0.16043,0.17887,0.060422,-0.17107,0.11236,0.053056,-0.17395,0.061201,0.052444,-0.13056,0.030502,0.01477,-0.15517,0.11152,0.068314,-0.17243,0.064642,0.076402,-0.17736,0.0055334,0.068839
-0.16261,0.13931,0.060453,-0.16492,0.15433,0.063137,-0.18035,0.16059,0.046389,-0.17169,0.12523,0.035149,-0.18592,0.12864,0.057907,-0.14498,0.16245,0.075519,-0.12758,0.13053,0.068291,-0.15077,0.13078,0.082086,-0.16251,0.17811,0.062056,-0.17317,0.11151,0.054635,-0.17795,0.060491,0.054567,-0.13387,0.030595,0.017286,-0.15731,0.11093,0.06995,-0.17413,0.063795,0.077433,-0.17731,0.0052802,0.068759
-0.16469,0.13858,0.061929,-0.16695,0.15358,0.064736,-0.18226,0.15988,0.047897,-0.17305,0.12471,0.036494,-0.18775,0.12748,0.059041,-0.14711,0.1617,0.077304,-0.13045,0.12923,0.0708,-0.15377,0.13016,0.084344,-0.16457,0.17737,0.063677,-0.17513,0.11059,0.056244,-0.18187,0.059792,0.05676,-0.13733,0.030492,0.019839,-0.15925,0.11042,0.071557,-0.1755,0.062985,0.078407,-0.17715,0.0051119,0.068646
-0.16683,0.13784,0.063339,-0.16899,0.15282,0.06631,-0.18423,0.1592,0.049431,-0.1745,0.12426,0.03777,-0.18956,0.12634,0.060153,-0.14922,0.16087,0.079007,-0.13325,0.12792,0.073272,-0.15671,0.12956,0.0865,-0.16666,0.17661,0.065275,-0.17701,0.10956,0.05781,-0.18592,0.059107,0.058929,-0.14098,0.030063,0.022567,-0.1612,0.11001,0.073189,-0.17689,0.062287,0.079284,-0.17706,0.0049587,0.068733
-0.16902,0.13719,0.064722,-0.17108,0.15216,0.067835,-0.1862,0.15863,0.050888,-0.17572,0.12399,0.038988,-0.19122,0.12534,0.061124,-0.15139,0.16014,0.080711,-0.13602,0.1268,0.075652,-0.15961,0.1291,0.08855,-0.16874,0.17595,0.066848,-0.17898,0.10864,0.059361,-0.18995,0.058613,0.061044,-0.14463,0.029568,0.025474,-0.16325,0.10968,0.074793,-0.17819,0.061618,0.080066,-0.17696,0.0048844,0.068732
-0.17123,0.13671,0.06609,-0.17323,0.15166,0.069306,-0.18822,0.1582,0.052276,-0.17713,0.12383,0.04016,-0.19304,0.12468,0.062028,-0.15363,0.15959,0.082352,-0.13882,0.1259,0.077896,-0.16249,0.12882,0.090516,-0.17084,0.17545,0.068374,-0.18111,0.10805,0.060761,-0.19384,0.058474,0.063234,-0.14838,0.029116,0.028454,-0.16539,0.10933,0.076188,-0.1794,0.060922,0.080797,-0.17686,0.0048204,0.068728
-0.17332,0.13628,0.067467,-0.17532,0.15122,0.070738,-0.1902,0.1578,0.053628,-0.17881,0.12362,0.041266,-0.19494,0.12398,0.062984,-0.15582,0.15912,0.083947,-0.14159,0.12511,0.080099,-0.16533,0.12865,0.092434,-0.17291,0.175,0.069848,-0.18313,0.10758,0.062063,-0.19765,0.058555,0.065579,-0.15234,0.028397,0.031604,-0.16744,0.10892,0.077513,-0.18057,0.060216,0.081529,-0.17687,0.0046486,0.068885
-0.17523,0.13577,0.068905,-0.17733,0.15071,0.072144,-0.19204,0.15733,0.0549,-0.18035,0.12335,0.042235,-0.19664,0.1233,0.063836,-0.15798,0.1586,0.085576,-0.1444,0.12427,0.08227,-0.1682,0.12837,0.094302,-0.175,0.17451,0.07127,-0.18478,0.107,0.06353,-0.20148,0.05875,0.067975,-0.15655,0.027312,0.03494,-0.16908,0.10844,0.07896,-0.18163,0.059531,0.082237,-0.17695,0.0044243,0.069057
-0.17736,0.1355,0.0703,-0.17944,0.15044,0.073577,-0.19396,0.15712,0.056191,-0.18186,0.12339,0.043275,-0.19833,0.12301,0.064743,-0.16022,0.15825,0.087237,-0.14721,0.12366,0.084379,-0.17105,0.12831,0.096141,-0.17729,0.17425,0.072693,-0.18683,0.10667,0.064928,-0.20511,0.059108,0.070386,-0.16075,0.026311,0.038362,-0.17112,0.10822,0.080335,-0.18274,0.059038,0.082906,-0.17693,0.0044239,0.069165
-0.17951,0.13537,0.071725,-0.1816,0.1503,0.075013,-0.19587,0.15705,0.057453,-0.1833,0.12358,0.044298,-0.19998,0.1229,0.065592,-0.16254,0.15804,0.088939,-0.14986,0.1233,0.086458,-0.17374,0.12846,0.097929,-0.17956,0.17412,0.074139,-0.18893,0.10652,0.066303,-0.2085,0.059605,0.072786,-0.16488,0.025189,0.041853,-0.17322,0.10808,0.081716,-0.18383,0.058634,0.083526,-0.17688,0.0044279,0.069229
-0.18165,0.13531,0.073172,-0.1838,0.15023,0.076447,-0.19782,0.15705,0.058714,-0.18484,0.12382,0.045342,-0.20173,0.12294,0.066458,-0.16491,0.15791,0.090636,-0.15263,0.123,0.088493,-0.17653,0.12869,0.099666,-0.18173,0.17405,0.075605,-0.19098,0.10647,0.067749,-0.21171,0.060189,0.075151,-0.16908,0.023973,0.045275,-0.17526,0.10801,0.083148,-0.18478,0.058324,0.084147,-0.17696,0.0045341,0.069143
-0.18382,0.13542,0.074676,-0.18602,0.15034,0.077921,-0.19977,0.15716,0.059981,-0.18633,0.12422,0.046372,-0.20337,0.12315,0.067361,-0.16733,0.158,0.09239,-0.15576,0.12283,0.090613,-0.17963,0.12912,0.10153,-0.1839,0.17416,0.077089,-0.19305,0.10656,0.069286,-0.21489,0.060933,0.077518,-0.17368,0.02276,0.048731,-0.1773,0.10813,0.084645,-0.18576,0.058238,0.084778,-0.1771,0.0048061,0.069093
-0.18599,0.13559,0.07618,-0.18818,0.15052,0.079427,-0.20169,0.15733,0.061295,-0.18779,0.12467,0.047455,-0.2049,0.12338,0.068374,-0.1697,0.15819,0.094145,-0.15869,0.12282,0.092703,-0.18252,0.12969,0.10332,-0.18604,0.17434,0.078611,-0.19504,0.10662,0.070832,-0.21823,0.061808,0.079806,-0.17868,0.021444,0.052523,-0.17931,0.10841,0.08619,-0.18682,0.05837,0.085433,-0.17717,0.005111,0.06916
-0.18814,0.13574,0.077657,-0.19031,0.15066,0.080896,-0.20357,0.15747,0.062581,-0.18931,0.12505,0.048549,-0.20647,0.12356,0.069418,-0.17202,0.15834,0.095851,-0.16134,0.12286,0.094743,-0.18518,0.13024,0.10501,-0.18883,0.17453,0.080048,-0.19704,0.10666,0.072352,-0.22141,0.062628,0.082057,-0.18357,0.020019,0.056466,-0.18134,0.10865,0.087713,-0.18787,0.058494,0.086071,-0.17719,0.0052903,0.069191
-0.19035,0.1359,0.07914,-0.1925,0.15084,0.082351,-0.20553,0.15761,0.063859,-0.19097,0.12543,0.049575,-0.20817,0.12377,0.070399,-0.17438,0.15854,0.097505,-0.16407,0.12294,0.096718,-0.18792,0.13077,0.1066,-0.19036,0.17466,0.081509,-0.19921,0.10678,0.073772,-0.22412,0.063264,0.08435,-0.18826,0.018621,0.060351,-0.18356,0.10882,0.089183,-0.18897,0.058568,0.086694,-0.17727,0.0053616,0.069189
-0.19266,0.13634,0.080708,-0.19477,0.15129,0.083879,-0.20755,0.15804,0.065208,-0.19254,0.12616,0.050727,-0.20979,0.12431,0.071491,-0.17681,0.15897,0.099224,-0.1668,0.12328,0.098762,-0.1907,0.13143,0.10826,-0.19303,0.17514,0.083013,-0.20141,0.10717,0.075272,-0.22657,0.064023,0.086762,-0.19309,0.017381,0.064197,-0.18587,0.10928,0.090779,-0.19006,0.058966,0.087389,-0.17746,0.0056939,0.06923
-0.19496,0.13703,0.082372,-0.19706,0.152,0.085482,-0.20959,0.15866,0.066611,-0.19409,0.12708,0.051987,-0.21142,0.12503,0.072664,-0.1793,0.15975,0.10103,-0.16951,0.124,0.10085,-0.19347,0.13241,0.10999,-0.19545,0.17585,0.084597,-0.20363,0.1078,0.076932,-0.22888,0.064943,0.089254,-0.19773,0.016142,0.068086,-0.18819,0.11003,0.09253,-0.19104,0.059694,0.088162,-0.17767,0.0063052,0.069287
-0.19726,0.13778,0.084078,-0.19938,0.15276,0.087103,-0.21165,0.15927,0.068009,-0.19575,0.12793,0.053297,-0.21318,0.12571,0.073873,-0.18189,0.16067,0.10287,-0.17233,0.12486,0.10294,-0.19633,0.13352,0.11173,-0.19767,0.17661,0.086236,-0.20585,0.1085,0.078604,-0.23101,0.065825,0.091734,-0.20262,0.014965,0.072031,-0.19056,0.1108,0.094337,-0.19201,0.060508,0.088937,-0.17783,0.0068189,0.069392
-0.19961,0.13846,0.085752,-0.20169,0.15346,0.088701,-0.21377,0.15989,0.069455,-0.19753,0.12874,0.054713,-0.21507,0.12639,0.075178,-0.1844,0.16147,0.10464,-0.17504,0.1256,0.10492,-0.1991,0.13445,0.11336,-0.19995,0.17731,0.087807,-0.20821,0.10915,0.080212,-0.23311,0.06655,0.094063,-0.20764,0.013761,0.076067,-0.19305,0.11146,0.096071,-0.19318,0.06125,0.0898,-0.17812,0.0070848,0.069698
-0.20205,0.13913,0.087411,-0.20408,0.15415,0.090298,-0.21606,0.16054,0.070975,-0.19947,0.12957,0.056234,-0.21711,0.12711,0.076602,-0.18687,0.16218,0.10631,-0.17717,0.12641,0.10684,-0.2014,0.13521,0.11482,-0.20231,0.178,0.089311,-0.21066,0.10981,0.081764,-0.23524,0.067243,0.096263,-0.21272,0.01263,0.080205,-0.19564,0.11209,0.097758,-0.19453,0.061993,0.090699,-0.17858,0.007303,0.070097
-0.20451,0.13976,0.089097,-0.20652,0.1548,0.091895,-0.21843,0.16112,0.072513,-0.20155,0.13032,0.057768,-0.21927,0.12782,0.078053,-0.18936,0.16288,0.10794,-0.17894,0.12732,0.10873,-0.20342,0.13587,0.11619,-0.20459,0.17863,0.090837,-0.21311,0.11043,0.083344,-0.23729,0.067816,0.098368,-0.21785,0.01162,0.084321,-0.19822,0.11264,0.099467,-0.19592,0.062686,0.091699,-0.1791,0.0075649,0.070445
-0.20652,0.14019,0.090912,-0.20873,0.15524,0.093518,-0.22051,0.16146,0.074027,-0.20339,0.13076,0.059348,-0.22126,0.12825,0.079507,-0.19167,0.16341,0.10963,-0.1808,0.12798,0.1106,-0.20547,0.13634,0.11767,-0.20665,0.17906,0.09243,-0.21456,0.11068,0.085534,-0.23907,0.068119,0.10017,-0.22301,0.010744,0.088506,-0.19972,0.11329,0.10165,-0.19664,0.063545,0.092873,-0.17926,0.0078457,0.070599
-0.20919,0.14094,0.092586,-0.21118,0.15602,0.095122,-0.22287,0.1622,0.075555,-0.20545,0.13161,0.060987,-0.22351,0.12913,0.080979,-0.1941,0.16417,0.11121,-0.18323,0.12876,0.11238,-0.20799,0.1371,0.11912,-0.20921,0.17985,0.094006,-0.21754,0.11154,0.086846,-0.24101,0.068623,0.10214,-0.22803,0.010252,0.092651,-0.20286,0.1138,0.10315,-0.19842,0.064263,0.093833,-0.17963,0.0079582,0.071187
-0.21173,0.14165,0.094334,-0.21372,0.15675,0.096766,-0.22514,0.1628,0.077,-0.20746,0.1323,0.062551,-0.22576,0.1299,0.082336,-0.1969,0.16503,0.11307,-0.18626,0.12955,0.11439,-0.2111,0.13789,0.12084,-0.21166,0.18057,0.095556,-0.22018,0.11232,0.088359,-0.24286,0.069091,0.10393,-0.23317,0.0097628,0.096784,-0.20564,0.11435,0.10482,-0.19996,0.065061,0.094882,-0.1798,0.0081074,0.071826
-0.21422,0.14225,0.096103,-0.21619,0.15737,0.098418,-0.22743,0.16333,0.07852,-0.20951,0.13291,0.064208,-0.22801,0.1306,0.083817,-0.19952,0.16571,0.11483,-0.18868,0.13029,0.1163,-0.21366,0.13848,0.1224,-0.21411,0.18118,0.097063,-0.22266,0.11296,0.090008,-0.24473,0.069414,0.10561,-0.23838,0.0093472,0.101,-0.20824,0.11485,0.10659,-0.20144,0.065841,0.096003,-0.18014,0.0083157,0.072572
-0.21676,0.14272,0.097856,-0.21864,0.15786,0.10011,-0.22974,0.16375,0.080115,-0.21167,0.13336,0.065935,-0.23029,0.13113,0.085438,-0.202,0.16623,0.11655,-0.19086,0.13092,0.11817,-0.21598,0.13893,0.12391,-0.21648,0.18166,0.098666,-0.22509,0.11336,0.091642,-0.24656,0.069526,0.10728,-0.24356,0.0088803,0.10532,-0.21086,0.11534,0.10838,-0.20307,0.066601,0.097208,-0.18076,0.0087424,0.073424
-0.2189,0.14295,0.099714,-0.22098,0.15809,0.10182,-0.23196,0.16393,0.081742,-0.2138,0.13354,0.067663,-0.23247,0.1314,0.087131,-0.20439,0.16647,0.11831,-0.1931,0.13121,0.12015,-0.21836,0.13904,0.12551,-0.21871,0.18188,0.10039,-0.22656,0.11332,0.094152,-0.24822,0.069224,0.10875,-0.24848,0.0083365,0.10937,-0.21223,0.11596,0.11071,-0.20394,0.067522,0.098642,-0.18128,0.0095375,0.07389
-0.22169,0.14353,0.10139,-0.22355,0.1587,0.10347,-0.2344,0.16447,0.0833,-0.21614,0.1341,0.069306,-0.23484,0.13207,0.088763,-0.20702,0.16711,0.12,-0.19559,0.1319,0.122,-0.22099,0.13949,0.12704,-0.22124,0.18248,0.10198,-0.22974,0.11408,0.095151,-0.24994,0.069542,0.11045,-0.25317,0.0085858,0.11338,-0.2157,0.11617,0.11204,-0.2064,0.067954,0.099827,-0.18237,0.010061,0.074995
-0.22419,0.14396,0.10314,-0.22604,0.15914,0.10515,-0.23682,0.16485,0.084932,-0.21849,0.13446,0.071074,-0.23722,0.13261,0.090514,-0.20952,0.16757,0.12169,-0.19788,0.13244,0.12385,-0.22343,0.13972,0.12856,-0.22382,0.18292,0.10356,-0.23224,0.11454,0.09681,-0.25164,0.069592,0.11195,-0.25759,0.0087589,0.11703,-0.2183,0.11654,0.11379,-0.20839,0.068521,0.10126,-0.18324,0.010937,0.075865
-0.22661,0.14422,0.10485,-0.22845,0.15941,0.10682,-0.23919,0.1651,0.086571,-0.22085,0.13463,0.072897,-0.23962,0.13302,0.092327,-0.21198,0.16786,0.12339,-0.19998,0.13286,0.12561,-0.22567,0.13982,0.13004,-0.22639,0.18319,0.10514,-0.23463,0.1148,0.098475,-0.2533,0.069455,0.11335,-0.26181,0.0088467,0.12045,-0.22079,0.11678,0.11553,-0.21047,0.068911,0.10276,-0.18407,0.011894,0.076847
-0.22902,0.14434,0.10649,-0.23081,0.15954,0.10844,-0.24155,0.16519,0.088183,-0.22332,0.1346,0.074649,-0.24211,0.13328,0.094071,-0.21435,0.16803,0.12499,-0.20204,0.13314,0.12727,-0.22787,0.13977,0.13141,-0.22882,0.18333,0.10671,-0.23695,0.11487,0.10005,-0.25505,0.069239,0.11477,-0.26571,0.0089079,0.12353,-0.22324,0.11692,0.1172,-0.21257,0.069171,0.10428,-0.18431,0.012753,0.077836
-0.23147,0.14439,0.10816,-0.23326,0.15959,0.11009,-0.24404,0.16522,0.089846,-0.22597,0.13448,0.076423,-0.2448,0.13351,0.095829,-0.21672,0.16807,0.12657,-0.20394,0.13334,0.12879,-0.22991,0.13953,0.13273,-0.23121,0.18336,0.10817,-0.2393,0.11487,0.10175,-0.25694,0.069019,0.11632,-0.26933,0.0091052,0.12619,-0.22566,0.11703,0.11894,-0.21473,0.069378,0.10588,-0.18514,0.013782,0.079091
-0.23389,0.14437,0.10981,-0.23569,0.15957,0.11174,-0.24644,0.16522,0.091492,-0.22853,0.1343,0.078291,-0.24737,0.1337,0.097694,-0.21911,0.16799,0.12822,-0.2059,0.13343,0.13034,-0.23199,0.13918,0.13413,-0.23353,0.18329,0.10945,-0.24166,0.11483,0.10346,-0.25879,0.068712,0.11782,-0.27251,0.0089358,0.12855,-0.22807,0.11707,0.12069,-0.21695,0.069477,0.10758,-0.18596,0.014706,0.080537
-0.23624,0.14433,0.11141,-0.23802,0.15952,0.11338,-0.24877,0.16518,0.093134,-0.23106,0.13405,0.080145,-0.24991,0.13388,0.09955,-0.22147,0.16797,0.12988,-0.2082,0.13342,0.13201,-0.23439,0.13878,0.13568,-0.23578,0.18323,0.11104,-0.244,0.11473,0.10514,-0.26084,0.068508,0.1195,-0.27518,0.0087471,0.13057,-0.23048,0.11712,0.1224,-0.2194,0.069476,0.10945,-0.18714,0.015539,0.082105
